obs_time,valid_time,lead_hour_from_case_start,lon,lat,platform_id,platform_type,obs_wind_speed,obs_wind_dir,gdas_model_step_hour,gdas_wind_speed,gdas_wind_dir,gdas_u10,gdas_v10,era5lagged_model_step_hour,era5lagged_wind_speed,era5lagged_wind_dir,era5lagged_u10,era5lagged_v10,time_diff_minutes,distance_to_typhoon_center_km,azimuth_from_typhoon_center_deg,radius_bin,quadrant,gdas_speed_error,era5lagged_speed_error,gdas_direction_error,era5lagged_direction_error,gdas_abs_error,era5lagged_abs_error,gdas_sq_error,era5lagged_sq_error,coarse_radius_bin,forecast_period
2025-07-17 00:00:00,2025-07-17 00:00:00,0,126.6,14.7,VRDN3,5.0,7.2,50.0,0,7.111463386647445,57.24683104209578,-5.980805358886711,-3.847450942993185,120,7.346855962999362,7.287321286712881,-0.9319127810001112,-7.287511997222914,0.0,65.49864160813351,279.8500404288534,0-100 km,front_left,-0.08853661335255492,0.14685596299936154,7.246831042095778,42.71267871328712,0.08853661335255492,0.14685596299936154,0.007838731903939805,0.021566673868469846,0-400 km,outside_18_72_h
2025-07-17 18:00:00,2025-07-17 18:00:00,18,129.9,15.8,DGTHCFK,5.0,12.9,200.0,18,12.921589832088095,156.6868445790907,-5.113801517486577,11.866613578796374,138,12.61820490116784,153.77014490976563,-5.5769099998474125,11.318885536193838,0.0,568.5804852972263,106.31959291338724,400-600 km,rear_right,0.02158983208809495,-0.2817950988321609,43.31315542090931,46.229855090234366,0.02158983208809495,0.2817950988321609,0.0004661208495921344,0.07940847772582733,400-600 km,18-48 h
2025-07-18 12:00:00,2025-07-18 12:00:00,36,122.3,22.2,2DBR8,5.0,17.5,90.0,36,11.087629060865629,84.55836573506292,-11.037660636901853,-1.051458917856237,156,10.68852136230772,87.58569879936431,-10.679033660888669,-0.4502543526888072,0.0,333.74685718920256,358.23148763231217,200-400 km,front_right,-6.412370939134371,-6.8114786376922805,5.441634264937079,2.414301200635691,6.412370939134371,6.8114786376922805,41.11850106105502,46.39624123173829,0-400 km,18-48 h
2025-07-18 12:00:00,2025-07-18 12:00:00,36,117.21,20.61,LED82EE,5.0,9.2,305.0,36,3.564098605917227,34.52516116936573,-2.0200173715591374,-2.936380202102656,156,8.22097458854645,41.99260251830873,-5.500116881561256,-6.110084899139402,0.0,564.7822546789147,286.9892748504753,400-600 km,front_left,-5.635901394082772,-0.9790254114535486,89.52516116936573,96.99260251830871,5.635901394082772,0.9790254114535486,31.763384523824136,0.9584907562717901,400-600 km,18-48 h
2025-07-18 15:00:00,2025-07-18 15:00:00,39,117.65,21.13,LED82EE,5.0,12.5,315.0,39,5.271708733769574,26.72556731483189,-2.370780233383182,-4.708536296844487,159,9.85274085803067,55.2029198052702,-8.090856906890886,-5.622680582046518,0.0,435.8877110347378,293.633835074061,400-600 km,front_right,-7.228291266230426,-2.6472591419693305,71.72556731483189,100.2029198052702,7.228291266230426,2.6472591419693305,52.24819462946305,7.007980964740196,400-600 km,18-48 h
2025-07-18 18:00:00,2025-07-18 18:00:00,42,120.2,25.0,LAHR7,5.0,10.8,80.0,42,9.199351261401794,58.48575538726016,-7.842541122436526,-4.808597755432121,162,10.062907234071025,63.46452365801099,-9.002859592437746,-4.4956224441528265,0.0,592.5512063646723,354.13475939427855,400-600 km,front_right,-1.6006487385982062,-0.7370927659289759,21.514244612739844,16.53547634198901,1.6006487385982062,0.7370927659289759,2.5620763843760286,0.543305745584828,400-600 km,18-48 h
2025-07-18 18:00:00,2025-07-18 18:00:00,42,118.05,21.61,LED82EE,5.0,13.5,5.0,42,6.920541681230241,28.463129251009093,-3.298282611846928,-6.084014215469364,162,11.118968544464582,70.05054500667922,-10.451763465881342,-3.793692389488225,0.0,356.32030384795894,307.06353181169794,200-400 km,front_right,-6.579458318769759,-2.3810314555354175,23.463129251009093,65.05054500667922,6.579458318769759,2.3810314555354175,43.289271768428584,5.669310792249109,0-400 km,18-48 h
2025-07-18 18:00:00,2025-07-18 18:00:00,42,116.9,16.2,TAKFBTD,5.0,7.0,290.0,42,9.010633310457132,285.9859477697951,8.662185535430913,-2.4815427470207188,162,12.790133441559629,326.2599840703116,7.10396417617798,-10.635845355987543,0.0,567.085755781624,227.28660021617137,400-600 km,front_left,2.0106333104571323,5.790133441559629,4.014052230204925,36.25998407031159,2.0106333104571323,5.790133441559629,4.0426463091198075,33.52564527106715,400-600 km,18-48 h
2025-07-18 18:00:00,2025-07-18 18:00:00,42,116.94,16.28,TAKFBTD,5.0,7.1,290.0,42,8.945932262024359,287.16945307966387,8.547264675903318,-2.640827634811404,162,12.8407972548283,329.27824423464244,6.559970072937006,-11.038698600006107,0.0,557.8505241956896,227.64108487660184,400-600 km,front_left,1.845932262024359,5.7407972548282995,2.8305469203361326,39.27824423464244,1.845932262024359,5.7407972548282995,3.4074659159823666,32.95675312104414,400-600 km,18-48 h
2025-07-18 21:00:00,2025-07-18 21:00:00,45,118.46,22.08,LED82EE,5.0,22.0,350.0,45,7.438658778059681,34.43483301813387,-4.206327425384522,-6.135181660461437,165,11.069701295491768,77.42827926447887,-10.804297582244873,-2.409448178672807,0.0,302.299745563683,323.61442415597395,200-400 km,front_right,-14.561341221940319,-10.930298704508232,44.43483301813387,87.42827926447887,14.561341221940319,10.930298704508232,212.03265818177837,119.47142976977433,0-400 km,18-48 h
2025-07-18 21:00:00,2025-07-18 21:00:00,45,117.6,15.83,TAKFBTD,5.0,9.6,270.0,45,10.58407215945414,272.23917523762134,10.575990539550782,-0.4135306323170734,165,11.449936033663151,299.2964962519263,9.985480026245115,-5.602787147521999,0.0,529.6104981869945,211.70918834271615,400-600 km,front_left,0.98407215945414,1.8499360336631518,2.239175237621339,29.296496251926328,0.98407215945414,1.8499360336631518,0.9683980150127343,3.422263328645354,400-600 km,18-48 h
2025-07-18 21:00:00,2025-07-18 21:00:00,45,118.47,15.02,YRZSQRB,5.0,6.4,280.0,45,12.100371009130503,257.8683229414463,11.830135791778565,2.543003284835814,165,17.625700945428594,245.4868170511749,16.0370230506897,7.312949164962766,0.0,572.7964984825045,198.9506080238929,400-600 km,rear_left,5.700371009130503,11.225700945428594,22.13167705855369,34.51318294882509,5.700371009130503,11.225700945428594,32.49422964173551,126.01636171619643,400-600 km,18-48 h
2025-07-19 00:00:00,2025-07-19 00:00:00,48,121.2,20.6,2DBR8,5.0,27.3,160.0,48,14.322008555274428,113.2023441618828,-13.163633346557612,5.642577972412111,168,14.288115667624645,104.30376704127129,-13.84517679214477,3.530060753822331,0.0,141.81837040228322,61.73018694308712,100-200 km,rear_right,-12.977991444725573,-13.011884332375356,46.79765583811721,55.69623295872873,12.977991444725573,13.011884332375356,168.42826193937017,169.30913387911525,0-400 km,48-72 h
2025-07-19 00:00:00,2025-07-19 00:00:00,48,115.3,22.1,EVH28KM,5.0,11.0,330.0,48,4.846539065291294,2.753432899302368,-0.2328179216384771,-4.840943784713736,168,6.854544162333068,35.038341168595935,-3.935361518859848,-5.612281656265252,0.0,540.7049128193188,296.41397551647674,400-600 km,front_left,-6.153460934708706,-4.145455837666932,32.75343289930237,65.03834116859593,6.153460934708706,4.145455837666932,37.86508147498614,17.184804102046847,400-600 km,48-72 h
2025-07-19 00:00:00,2025-07-19 00:00:00,48,115.3,22.18,EVH28KM,5.0,10.7,325.0,48,4.593378759768717,358.12289887001515,0.150459496498112,-4.590913892745967,168,6.49411157428749,34.00163027620249,-3.631614295959464,-5.3837591648101775,0.0,544.4853870310407,297.2653069236412,400-600 km,front_left,-6.1066212402312825,-4.2058884257125095,33.12289887001515,69.00163027620249,6.1066212402312825,4.2058884257125095,37.29082297164385,17.68949744954245,400-600 km,48-72 h
2025-07-19 00:00:00,2025-07-19 00:00:00,48,118.8,22.5,LED82EE,5.0,9.0,40.0,48,5.335019748305709,28.2988577046483,-2.529176306724552,-4.6974144935608,168,6.3879687655651685,55.83794329812889,-5.28574151992798,-3.587071442604069,0.0,304.5309154312721,336.1130335899342,200-400 km,front_right,-3.664980251694291,-2.6120312344348315,11.7011422953517,15.837943298128891,3.664980251694291,2.6120312344348315,13.43208024530915,6.82270716966315,0-400 km,48-72 h
2025-07-19 00:00:00,2025-07-19 00:00:00,48,118.85,22.58,LED82EE,5.0,9.1,35.0,48,5.190784310037179,26.7183892772984,-2.333806244850171,-4.636549381256119,168,5.820770496246724,51.815396367347546,-4.575259731292743,-3.5983840208053657,0.0,310.6353800885869,337.652497312617,200-400 km,front_right,-3.9092156899628208,-3.2792295037532755,8.2816107227016,16.815396367347546,3.9092156899628208,3.2792295037532755,15.281967310651492,10.753346138285954,0-400 km,48-72 h
2025-07-19 00:00:00,2025-07-19 00:00:00,48,118.2,15.3,TAKFBTD,5.0,10.0,280.0,48,11.874531170916496,256.8158121375245,11.561540908813472,2.708368945121769,168,17.72059965724412,235.63187176092805,14.627072811126704,10.00341907501222,0.0,556.3077763785387,200.32940602654884,400-600 km,rear_left,1.8745311709164962,7.720599657244119,23.184187862475483,44.36812823907195,1.8745311709164962,7.720599657244119,3.5138671107375705,59.607659067438,400-600 km,48-72 h
2025-07-19 00:00:00,2025-07-19 00:00:00,48,118.26,15.37,TAKFBTD,5.0,10.2,275.0,48,11.783669706130468,256.60953731182883,11.463324057006837,2.728932631492624,168,17.618745642379434,234.47573123495997,14.339359302520746,10.237332308959989,0.0,546.8159939864194,199.97075613360536,400-600 km,rear_left,1.5836697061304683,7.4187456423794345,18.39046268817117,40.52426876504006,1.5836697061304683,7.4187456423794345,2.508009738115364,55.037786906323845,400-600 km,48-72 h
2025-07-19 00:00:00,2025-07-19 00:00:00,48,122.6,24.4,V7UX2,5.0,11.3,130.0,48,9.978524075813615,123.33432542072612,-8.3368402957916,5.48343292236327,168,8.866678361516827,124.06240437281475,-7.345404882431008,4.966186895370475,0.0,557.6456470979324,28.201747397676627,400-600 km,front_right,-1.3214759241863856,-2.4333216384831733,6.665674579273883,5.937595627185232,1.3214759241863856,2.4333216384831733,1.746298618204262,5.921054196310435,400-600 km,48-72 h
2025-07-19 00:00:00,2025-07-19 00:00:00,48,124.2,16.7,VRCG8,5.0,15.4,180.0,48,12.486891065406358,178.66104101663268,-0.291782629415394,12.48348154067993,168,12.22760089178066,166.5000263164953,-2.854471278190611,11.889752616882324,0.0,575.374505075688,128.94004770949675,400-600 km,rear_right,-2.9131089345936427,-3.1723991082193397,1.33895898336732,13.499973683504692,2.9131089345936427,3.1723991082193397,8.486203664809308,10.064116101830862,400-600 km,48-72 h
2025-07-19 00:00:00,2025-07-19 00:00:00,48,118.81,15.4,YRZSQRB,5.0,6.0,250.0,48,11.696233706423406,251.71700144263832,11.105791538238524,3.669233874320988,168,18.21439994605261,225.7996569715998,13.058020507812492,12.698522190094003,0.0,526.7905330439279,194.0297214372375,400-600 km,rear_left,5.696233706423406,12.214399946052609,1.7170014426383204,24.2003430284002,5.696233706423406,12.214399946052609,32.44707843819414,149.19156604212998,400-600 km,48-72 h
2025-07-19 03:00:00,2025-07-19 03:00:00,51,122.4,23.3,7KEH,5.0,15.4,270.0,51,9.899110236572058,119.48485242342916,-8.617035388946553,4.872277145385762,171,8.691781003938507,113.0005650827764,-8.000793104171771,3.3962283086776903,0.0,436.92002436269854,37.444829677564826,400-600 km,rear_right,-5.500889763427942,-6.708218996061493,150.51514757657085,156.9994349172236,5.500889763427942,6.708218996061493,30.25978818938632,45.000202099120266,400-600 km,48-72 h
2025-07-19 03:00:00,2025-07-19 03:00:00,51,116.11,22.42,EVH28KM,5.0,7.2,320.0,51,6.62402646618594,40.80176103610052,-4.328429492950434,-5.014222247695912,171,8.998724986547145,51.84367904009173,-7.075950358200068,-5.559494393539421,0.0,454.9969973680988,303.51370560700684,400-600 km,front_right,-0.5759735338140599,1.7987249865471453,80.80176103610052,91.84367904009171,0.5759735338140599,1.7987249865471453,0.33174551165425603,3.235411577229028,400-600 km,48-72 h
2025-07-19 03:00:00,2025-07-19 03:00:00,51,119.46,22.97,LED82EE,5.0,5.6,70.0,51,3.7309546710686776,25.861956318827996,-1.6274588325500736,-3.3572906496048174,171,3.3342384209724565,43.89290157440877,-2.3116693527221965,-2.4027756140709107,0.0,310.0091112358721,353.55057550230987,200-400 km,front_right,-1.869045328931322,-2.265761579027543,44.13804368117201,26.107098425591232,1.869045328931322,2.265761579027543,3.4933304415999937,5.133675532997386,0-400 km,48-72 h
2025-07-19 03:00:00,2025-07-19 03:00:00,51,118.92,14.92,TAKFBTD,5.0,9.6,275.0,51,12.830986349136758,249.432170886808,12.01310005493164,4.507730888366702,171,18.02120981167353,225.8759217699147,12.936233175659172,12.546628005218508,0.0,594.468300916222,189.1650393429743,400-600 km,rear_left,3.2309863491367583,8.42120981167353,25.567829113191976,49.1240782300853,3.2309863491367583,8.42120981167353,10.439272788308077,70.91677469222653,400-600 km,48-72 h
2025-07-19 03:00:00,2025-07-19 03:00:00,51,119.09,15.86,YRZSQRB,5.0,5.6,245.0,51,11.739660269080751,247.66422880420296,10.858864482116696,4.46146673107148,171,19.132722541947203,213.4575940662011,10.548246009826649,15.962317437744144,0.0,488.3865443145357,188.9542746066636,400-600 km,rear_left,6.139660269080752,13.532722541947203,2.664228804202964,31.542405933798904,6.139660269080752,13.532722541947203,37.695428219728726,183.13457939732598,400-600 km,48-72 h
2025-07-19 06:00:00,2025-07-19 06:00:00,54,116.9,22.7,EVH28KM,5.0,16.0,40.0,54,9.466371963871763,52.608312258826345,-7.521058349609368,-5.748554553985599,174,10.11591940031244,64.17017918277617,-9.105259380340572,-4.407502346038814,0.0,349.2528769987256,317.4909714096071,200-400 km,front_right,-6.533628036128237,-5.884080599687559,12.608312258826343,24.170179182776167,6.533628036128237,5.884080599687559,42.68829531448092,34.62240450361951,0-400 km,48-72 h
2025-07-19 06:00:00,2025-07-19 06:00:00,54,119.8,23.5,LED82EE,5.0,7.0,230.0,54,2.331727738380635,354.7670664660266,0.2126652240753004,-2.3220094203949038,174,1.1058708550684315,313.1882199576062,0.8063007861375634,-0.756854933500292,0.0,350.2125906602202,10.066355017154478,200-400 km,front_right,-4.668272261619364,-5.8941291449315685,124.76706646602662,83.18821995760618,4.668272261619364,5.8941291449315685,21.792765908604775,34.74075837713174,0-400 km,48-72 h
2025-07-19 06:00:00,2025-07-19 06:00:00,54,123.4,17.9,VRCG8,5.0,15.9,180.0,54,13.651060473022916,169.33975383891678,-2.525238680839533,13.4154620361328,174,13.893114014321794,160.22693896908237,-4.699978027343746,13.07397504806517,0.0,521.4030426244074,121.51233460232464,400-600 km,rear_left,-2.248939526977084,-2.006885985678206,10.660246161083222,19.77306103091763,2.248939526977084,2.006885985678206,5.057728995999911,4.027591359511585,400-600 km,48-72 h
2025-07-19 06:00:00,2025-07-19 06:00:00,54,119.3,16.3,YRZSQRB,5.0,6.0,230.0,54,12.392956167523968,242.585440700998,11.00120756149293,5.706031436920161,174,19.315611764158437,205.40418779977443,8.286419811248793,17.44786819458008,0.0,456.0212771525253,178.65780367769855,400-600 km,rear_left,6.392956167523968,13.315611764158437,12.58544070099802,24.595812200225566,6.392956167523968,13.315611764158437,40.86988855988274,177.30551665379454,400-600 km,48-72 h
2025-07-19 09:00:00,2025-07-19 09:00:00,57,117.62,23.14,EVH28KM,5.0,14.2,25.0,57,9.640843402353264,54.237581498391705,-7.823036642074584,-5.634355260849006,177,9.398642272831433,66.49394791480245,-8.618723668670652,-3.748610261917113,0.0,289.5334982523692,339.74553826427086,200-400 km,front_right,-4.559156597646735,-4.801357727168567,29.237581498391705,41.49394791480245,4.559156597646735,4.801357727168567,20.78590888186576,23.053036024241305,0-400 km,48-72 h
2025-07-19 09:00:00,2025-07-19 09:00:00,57,120.22,24.27,LED82EE,5.0,5.7,245.0,57,3.814103485245396,43.06584627541304,-2.604416345214845,-2.7864674584388784,177,3.677072660997037,48.09912886480947,-2.736850301170351,-2.4557104436874444,0.0,430.431119645809,22.442289434666638,400-600 km,front_right,-1.885896514754604,-2.022927339002963,158.06584627541304,163.09912886480947,1.885896514754604,2.022927339002963,3.5566056643635626,4.092235018885609,400-600 km,48-72 h
2025-07-19 09:00:00,2025-07-19 09:00:00,57,123.4,17.9,VRCG8,5.0,16.0,180.0,57,13.6739593360967,167.93036289039054,-2.85923001766204,13.371685295104967,177,13.758303215669809,162.2472942953623,-4.195034246444697,13.103152103424058,0.0,592.1191482000554,120.90746686094984,400-600 km,rear_left,-2.3260406639032993,-2.241696784330191,12.06963710960946,17.75270570463769,2.3260406639032993,2.241696784330191,5.410465170131702,5.02520447287632,400-600 km,48-72 h
2025-07-19 09:00:00,2025-07-19 09:00:00,57,117.6,23.1,VRFS2,5.0,20.6,30.0,57,9.547486012741794,54.61798334861157,-7.784156751632697,-5.528235960006711,177,9.345996692511864,66.97982417043085,-8.601748867034917,-3.654801034927377,0.0,286.1123501140713,339.04821676192506,200-400 km,front_right,-11.052513987258207,-11.254003307488137,24.61798334861157,36.979824170430845,11.052513987258207,11.254003307488137,122.15806543853832,126.65259044495393,0-400 km,48-72 h
2025-07-19 09:00:00,2025-07-19 09:00:00,57,119.62,16.77,YRZSQRB,5.0,5.1,240.0,57,12.59782694179984,232.6802286902752,10.018602306365947,7.637594613647468,177,17.92851308728048,189.38712906518975,2.9242181932449087,17.68842925415038,0.0,449.9957633749435,166.0241463349555,400-600 km,rear_left,7.49782694179984,12.828513087280479,7.319771309724814,50.61287093481022,7.49782694179984,12.828513087280479,56.217408849179535,164.57074803052652,400-600 km,48-72 h
2025-07-19 12:00:00,2025-07-19 12:00:00,60,118.1,23.6,EVH28KM,5.0,12.0,20.0,60,8.9816637084068,51.68049185387025,-7.046701698303217,-5.569046430587767,180,8.123587683787632,62.68596278310031,-7.2178469657898,-3.727648324966437,0.0,271.7720698245439,10.807993430564297,200-400 km,front_right,-3.018336291593201,-3.8764123162123685,31.68049185387025,42.68596278310031,3.018336291593201,3.8764123162123685,9.110353969148596,15.02657244528294,0-400 km,48-72 h
2025-07-19 12:00:00,2025-07-19 12:00:00,60,120.4,24.8,LED82EE,5.0,1.0,260.0,60,7.116276535749705,70.94425994284552,-6.726314544677734,-2.323377795219407,180,8.130976376845643,68.29361693393241,-7.554420013427731,-3.007243771553024,0.0,492.2745385049671,35.06317599461897,400-600 km,rear_right,6.116276535749705,7.130976376845643,170.94425994284552,168.2936169339324,6.116276535749705,7.130976376845643,37.40883866176242,50.85082408713062,400-600 km,48-72 h
2025-07-19 12:00:00,2025-07-19 12:00:00,60,122.8,22.9,V7UX2,5.0,11.8,110.0,60,11.51021671372336,125.1102515755515,-9.415896205902095,6.620119895935055,180,11.133934289261298,119.93064928276527,-9.649001121520993,5.55529208183288,0.0,568.2297440321682,69.60734742746888,400-600 km,rear_right,-0.2897832862766414,-0.6660657107387031,15.1102515755515,9.930649282765271,0.2897832862766414,0.6660657107387031,0.08397435300528991,0.4436435310218538,400-600 km,48-72 h
2025-07-19 12:00:00,2025-07-19 12:00:00,60,122.5,19.2,VRCG8,5.0,7.7,160.0,60,12.45968463414708,148.1191249306798,-6.580643796920777,10.580116653442383,180,14.77939023036074,143.42251957964925,-8.8071759223938,11.868615245819091,0.0,557.5592349921102,112.64446956255097,400-600 km,rear_left,4.759684634147081,7.0793902303607394,11.880875069320211,16.577480420350753,4.759684634147081,7.0793902303607394,22.65459781653583,50.11776603372709,400-600 km,48-72 h
2025-07-19 12:00:00,2025-07-19 12:00:00,60,119.7,17.2,YRZSQRB,5.0,6.0,210.0,60,12.349661751896983,214.99741360866108,7.083018312454208,10.116570415496824,180,17.35795718022486,177.74055747043545,-0.6843286335468353,17.34446228027343,0.0,496.41800872562993,153.27515727633613,400-600 km,rear_left,6.349661751896983,11.357957180224862,4.997413608661077,32.25944252956455,6.349661751896983,11.357957180224862,40.31820436350346,129.00319130782148,400-600 km,48-72 h
2025-07-19 15:00:00,2025-07-19 15:00:00,63,118.45,23.89,EVH28KM,5.0,7.4,110.0,63,8.49326984650719,47.61199718493293,-6.273099525451655,-5.725718734741209,183,8.403735162665395,51.68059042840889,-6.593287979125972,-5.210692689895628,0.0,320.69869202942607,33.70624130242948,200-400 km,rear_right,1.093269846507189,1.0037351626653948,62.38800281506707,58.31940957159111,1.093269846507189,1.0037351626653948,1.1952389572818527,1.0074842767709264,0-400 km,48-72 h
2025-07-19 15:00:00,2025-07-19 15:00:00,63,120.82,25.26,LED82EE,5.0,18.3,60.0,63,12.05161660741793,91.47908382449114,-12.04760118255616,0.3110765151262069,183,11.880339114937897,90.73188659136795,-11.87936986618043,0.1517533143222069,0.0,592.8892492987185,44.364296499993486,400-600 km,rear_right,-6.24838339258207,-6.419660885062104,31.47908382449114,30.731886591367957,6.24838339258207,6.419660885062104,39.04229502069543,41.21204587919635,400-600 km,48-72 h
2025-07-19 15:00:00,2025-07-19 15:00:00,63,119.99,17.74,YRZSQRB,5.0,4.9,190.0,63,12.724872054919237,189.26320720132924,2.04832358388904,12.558930659484847,183,17.155140536681188,168.16479438649876,-3.5184761283874497,16.790448849487312,0.0,541.7400406781527,139.93916352363203,400-600 km,rear_left,7.824872054919236,12.255140536681187,0.7367927986707627,21.835205613501245,7.824872054919236,12.255140536681187,61.228622675855995,150.18846957380646,400-600 km,48-72 h
2025-07-19 18:00:00,2025-07-19 18:00:00,66,118.8,24.1,EVH28KM,5.0,3.0,150.0,66,4.771628042049804,48.840893920537496,-3.592486443519604,-3.1404578208923484,186,5.997102779723685,47.79531609488174,-4.442351970672618,-4.028740587234509,0.0,392.1737293711424,44.34663652005133,200-400 km,rear_right,1.7716280420498043,2.9971027797236847,101.1591060794625,102.20468390511826,1.7716280420498043,2.9971027797236847,3.1386659193772233,8.982625072227437,0-400 km,48-72 h
2025-07-19 18:00:00,2025-07-19 18:00:00,66,113.5,21.2,QWKG34T,5.0,10.3,290.0,66,7.810128566575944,6.514710823927828,-0.8861240029335016,-7.759696674346925,186,13.941440712391756,36.28166581348967,-8.249920845031738,-11.238441848754883,0.0,272.82074124144896,261.0933327882468,200-400 km,front_left,-2.4898714334240566,3.6414407123917556,76.51471082392783,106.28166581348968,2.4898714334240566,3.6414407123917556,6.1994597549811665,13.260090461864177,0-400 km,48-72 h
2025-07-19 18:00:00,2025-07-19 18:00:00,66,118.5,18.7,V7TR9,5.0,15.4,230.0,66,14.601482862890002,202.93362830797972,5.689680242538454,13.447335815429684,186,19.44311802725636,164.39412838843748,-5.230558896064753,18.726347541809083,0.0,408.32731673385786,141.73460519087274,400-600 km,rear_left,-0.7985171371099984,4.0431180272563605,27.06637169202025,65.60587161156252,0.7985171371099984,4.0431180272563605,0.637629618258348,16.346803382325366,400-600 km,48-72 h
2025-07-19 18:00:00,2025-07-19 18:00:00,66,114.7,19.3,VRJS2,5.0,13.9,260.0,66,11.005025875559168,319.719660024792,7.115057868957516,-8.39562660217286,186,13.734330080631825,23.20987862389302,-5.412704648971571,-12.6227750968933,0.0,294.4125538310741,209.9451016301057,200-400 km,front_left,-2.8949741244408322,-0.16566991936817566,59.719660024792006,123.20987862389302,2.8949741244408322,0.16566991936817566,8.380875181181963,0.027446522183457823,0-400 km,48-72 h
2025-07-19 18:00:00,2025-07-19 18:00:00,66,118.4,23.7,VRTF2,5.0,8.2,350.0,66,6.418411859470586,74.55855165169163,-6.18672674179075,-1.708924521505814,186,6.877656704475328,65.36636485705213,-6.25173201560972,-2.8667069172859043,0.0,331.99873039230755,44.869265742281584,200-400 km,rear_right,-1.7815881405294132,-1.3223432955246714,84.55855165169163,75.36636485705213,1.7815881405294132,1.3223432955246714,3.174056302475052,1.7485917912190485,0-400 km,48-72 h
2025-07-19 18:00:00,2025-07-19 18:00:00,66,120.1,18.2,YRZSQRB,5.0,7.0,180.0,66,14.81305226570461,181.21464528127416,0.3140066599846063,14.80972373962397,186,17.238009626897693,168.7027081073948,-3.3769225502014315,16.904004554748518,0.0,563.7025439362438,131.4158301881497,400-600 km,rear_left,7.813052265704609,10.238009626897693,1.2146452812741586,11.297291892605188,7.813052265704609,10.238009626897693,61.04378570663193,104.81684112044984,400-600 km,48-72 h
2025-07-19 18:00:00,2025-07-19 18:00:00,66,115.5,16.6,ZZB5AKK,5.0,9.0,230.0,66,13.924763550694465,248.2579198467673,12.934166526794437,5.158136892318723,186,17.320028242532036,246.4448794795576,15.876854896545408,6.921622419357295,0.0,559.5345554386006,186.5697107159908,400-600 km,front_left,4.924763550694465,8.320028242532036,18.257919846767265,16.444879479557557,4.924763550694465,8.320028242532036,24.25329603024875,69.22286995653072,400-600 km,48-72 h
2025-07-19 21:00:00,2025-07-19 21:00:00,69,119.26,24.51,EVH28KM,5.0,9.3,335.0,69,5.055315114032901,41.60603806177721,-3.3567545879363903,-3.780001261711096,189,6.628121316114994,44.66057432998531,-4.658942461776725,-4.714472114562964,0.0,518.4536914076866,50.62609306119771,400-600 km,rear_right,-4.2446848859671,-2.671878683885007,66.60603806177721,69.66057432998531,4.2446848859671,2.671878683885007,18.017349781157534,7.138935701399077,400-600 km,48-72 h
2025-07-19 21:00:00,2025-07-19 21:00:00,69,115.5,18.9,VRJS2,5.0,11.3,220.0,69,12.99200867345026,273.7349135859369,12.964415073394782,-0.8463044226169458,189,2.3719500968527707,270.9870705107589,2.371598118543648,-0.0408610582351599,0.0,300.95023346908977,175.98959198062312,200-400 km,rear_left,1.6920086734502586,-8.92804990314723,53.73491358593691,50.98707051075888,1.6920086734502586,8.92804990314723,2.862893351030904,79.71007507308725,0-400 km,48-72 h
2025-07-19 21:00:00,2025-07-19 21:00:00,69,115.93,17.11,ZZB5AKK,5.0,12.3,225.0,69,14.992238868797186,242.83803615946587,13.338889138031,6.844067713165301,189,18.07877330975656,234.20500923474063,14.663963442230209,10.574035206604051,0.0,503.6179723382245,172.3524664456315,400-600 km,rear_left,2.692238868797185,5.778773309756559,17.838036159465872,9.205009234740658,2.692238868797185,5.778773309756559,7.248150126662346,33.39422096555478,400-600 km,48-72 h
2025-07-20 00:00:00,2025-07-20 00:00:00,72,119.5,24.6,EVH28KM,5.0,6.0,20.0,72,2.594109605151254,24.21743717430769,-1.064105331897737,-2.365815818309786,192,3.3532202513514084,28.026437338512157,-1.57560751438141,-2.9599910497665425,0.0,587.1340916966428,55.76596316735265,400-600 km,rear_right,-3.405890394848746,-2.6467797486485916,4.21743717430769,8.026437338512153,3.405890394848746,2.6467797486485916,11.600089381722947,7.005443037856302,400-600 km,48-72 h
2025-07-20 00:00:00,2025-07-20 00:00:00,72,119.53,24.68,EVH28KM,5.0,6.3,20.0,72,2.671283631112756,24.112164356574965,-1.0912841506004312,-2.4382073620796176,192,3.4156803585320668,28.03198857203756,-1.6052483221054057,-3.0149710008621198,0.0,594.4835607750921,55.197081084862816,400-600 km,rear_right,-3.6287163688872437,-2.884319641467933,4.112164356574965,8.031988572037562,3.6287163688872437,2.884319641467933,13.167582485830224,8.319299794157706,400-600 km,48-72 h
2025-07-20 00:00:00,2025-07-20 00:00:00,72,115.9,16.6,S6LT9,5.0,11.8,230.0,72,13.760770923388206,228.01244549193663,10.228245525360103,9.205531482696548,192,18.646825703080246,224.77837137317147,13.134195690155009,13.236200828552269,0.0,580.9216969147341,167.2669065830895,400-600 km,rear_left,1.9607709233882051,6.8468257030802455,1.9875545080633683,5.221628626828533,1.9607709233882051,6.8468257030802455,3.8446226140046345,46.8790222083603,400-600 km,48-72 h
2025-07-20 00:00:00,2025-07-20 00:00:00,72,119.2,24.5,VRWC8,5.0,7.7,80.0,72,3.1845829115479094,32.625562991800734,-1.7169570446014333,-2.682093739509578,192,3.914369396624013,33.648297143258446,-2.1689264774322448,-3.258534288406368,0.0,555.6000174113021,55.0561421080817,400-600 km,rear_right,-4.515417088452091,-3.7856306033759872,47.37443700819927,46.351702856741554,4.515417088452091,3.7856306033759872,20.38899148268516,14.330999065216842,400-600 km,48-72 h
2025-07-20 00:00:00,2025-07-20 00:00:00,72,116.31,17.64,ZZB5AKK,5.0,7.2,255.0,72,15.263013252201777,222.9212621020845,10.394000057220453,11.176955593872076,192,19.644887660805477,210.5096945868982,9.97339800491332,16.92492078094483,0.0,481.8817175925031,159.24746384469745,400-600 km,rear_left,8.063013252201777,12.444887660805477,32.07873789791546,44.490305413101794,8.063013252201777,12.444887660805477,65.01218270518149,154.87522889006843,400-600 km,48-72 h
